"Parameter","Estimate","Std.Error","t.value","Pr"
"(Intercept)",-5780.83135807709,305.814503661125,-18.9030647299935,5.5873012147796e-55
"flipper_length_mm",49.6855664061001,1.51840386384399,32.7222339123375,4.37068096299685e-107
